t,start_state,end_state,count
0.5,0,0,14761
0.5,0,1,187
0.5,0,2,7
0.5,0,3,1
0.5,0,4,0
0.5,0,5,0
0.5,0,6,0
0.5,0,7,337
0.5,0,8,18
0.5,0,9,1
0.5,0,10,0
0.5,0,11,0
0.5,0,12,0
0.5,1,0,469
0.5,1,1,10477
0.5,1,2,1178
0.5,1,3,55
0.5,1,4,1
0.5,1,5,0
0.5,1,6,0
0.5,1,7,662
0.5,1,8,2306
0.5,1,9,217
0.5,1,10,4
0.5,1,11,0
0.5,1,12,0
0.5,2,0,9
0.5,2,1,696
0.5,2,2,8278
0.5,2,3,1545
0.5,2,4,84
0.5,2,5,2
0.5,2,6,0
0.5,2,7,27
0.5,2,8,1186
0.5,2,9,2959
0.5,2,10,305
0.5,2,11,13
0.5,2,12,0
0.5,3,0,1
0.5,3,1,15
0.5,3,2,900
0.5,3,3,7517
0.5,3,4,1624
0.5,3,5,71
0.5,3,6,0
0.5,3,7,2
0.5,3,8,68
0.5,3,9,1720
0.5,3,10,3142
0.5,3,11,294
0.5,3,12,3
0.5,4,0,0
0.5,4,1,0
0.5,4,2,27
0.5,4,3,1171
0.5,4,4,7331
0.5,4,5,1526
0.5,4,6,40
0.5,4,7,0
0.5,4,8,1
0.5,4,9,130
0.5,4,10,2242
0.5,4,11,2835
0.5,4,12,186
0.5,5,0,0
0.5,5,1,0
0.5,5,2,1
0.5,5,3,47
0.5,5,4,1368
0.5,5,5,7700
0.5,5,6,1121
0.5,5,7,0
0.5,5,8,0
0.5,5,9,4
0.5,5,10,207
0.5,5,11,2788
0.5,5,12,1944
0.5,6,0,0
0.5,6,1,0
0.5,6,2,0
0.5,6,3,0
0.5,6,4,82
0.5,6,5,1919
0.5,6,6,9217
0.5,6,7,0
0.5,6,8,0
0.5,6,9,1
0.5,6,10,10
0.5,6,11,355
0.5,6,12,3729
0.5,7,0,6788
0.5,7,1,5115
0.5,7,2,309
0.5,7,3,7
0.5,7,4,0
0.5,7,5,0
0.5,7,6,0
0.5,7,7,2426
0.5,7,8,805
0.5,7,9,49
0.5,7,10,2
0.5,7,11,0
0.5,7,12,0
0.5,8,0,105
0.5,8,1,5423
0.5,8,2,4756
0.5,8,3,416
0.5,8,4,9
0.5,8,5,0
0.5,8,6,0
0.5,8,7,245
0.5,8,8,3364
0.5,8,9,1140
0.5,8,10,66
0.5,8,11,3
0.5,8,12,0
0.5,9,0,2
0.5,9,1,188
0.5,9,2,4766
0.5,9,3,4406
0.5,9,4,426
0.5,9,5,17
0.5,9,6,0
0.5,9,7,4
0.5,9,8,439
0.5,9,9,3867
0.5,9,10,1288
0.5,9,11,52
0.5,9,12,0
0.5,10,0,0
0.5,10,1,3
0.5,10,2,252
0.5,10,3,4219
0.5,10,4,4450
0.5,10,5,447
0.5,10,6,11
0.5,10,7,1
0.5,10,8,7
0.5,10,9,687
0.5,10,10,4141
0.5,10,11,1114
0.5,10,12,40
0.5,11,0,0
0.5,11,1,0
0.5,11,2,5
0.5,11,3,308
0.5,11,4,4340
0.5,11,5,4599
0.5,11,6,296
0.5,11,7,0
0.5,11,8,0
0.5,11,9,29
0.5,11,10,876
0.5,11,11,4241
0.5,11,12,794
0.5,12,0,0
0.5,12,1,0
0.5,12,2,0
0.5,12,3,11
0.5,12,4,387
0.5,12,5,4784
0.5,12,6,4922
0.5,12,7,0
0.5,12,8,0
0.5,12,9,1
0.5,12,10,38
0.5,12,11,1190
0.5,12,12,4200
1,0,0,14549
1,0,1,482
1,0,2,30
1,0,3,1
1,0,4,0
1,0,5,0
1,0,6,0
1,0,7,370
1,0,8,74
1,0,9,14
1,0,10,0
1,0,11,0
1,0,12,0
1,1,0,1029
1,1,1,8167
1,1,2,2349
1,1,3,277
1,1,4,35
1,1,5,2
1,1,6,0
1,1,7,608
1,1,8,2141
1,1,9,608
1,1,10,89
1,1,11,3
1,1,12,1
1,2,0,54
1,2,1,1335
1,2,2,6122
1,2,3,2684
1,2,4,436
1,2,5,34
1,2,6,0
1,2,7,61
1,2,8,1098
1,2,9,2636
1,2,10,820
1,2,11,83
1,2,12,1
1,3,0,2
1,3,1,98
1,3,2,1444
1,3,3,5303
1,3,4,2664
1,3,5,428
1,3,6,26
1,3,7,4
1,3,8,172
1,3,9,1570
1,3,10,2741
1,3,11,786
1,3,12,68
1,4,0,0
1,4,1,5
1,4,2,177
1,4,3,1815
1,4,4,5340
1,4,5,2328
1,4,6,270
1,4,7,0
1,4,8,15
1,4,9,324
1,4,10,2065
1,4,11,2573
1,4,12,462
1,5,0,0
1,5,1,0
1,5,2,14
1,5,3,276
1,5,4,2352
1,5,5,5662
1,5,6,1946
1,5,7,0
1,5,8,1
1,5,9,30
1,5,10,549
1,5,11,2708
1,5,12,1956
1,6,0,0
1,6,1,0
1,6,2,1
1,6,3,36
1,6,4,451
1,6,5,3380
1,6,6,7033
1,6,7,0
1,6,8,0
1,6,9,2
1,6,10,82
1,6,11,945
1,6,12,3574
1,7,0,7524
1,7,1,4696
1,7,2,916
1,7,3,92
1,7,4,5
1,7,5,0
1,7,6,0
1,7,7,751
1,7,8,1114
1,7,9,199
1,7,10,17
1,7,11,0
1,7,12,0
1,8,0,355
1,8,1,5187
1,8,2,4405
1,8,3,1154
1,8,4,131
1,8,5,8
1,8,6,0
1,8,7,301
1,8,8,1904
1,8,9,1595
1,8,10,316
1,8,11,21
1,8,12,1
1,9,0,15
1,9,1,572
1,9,2,4164
1,9,3,4138
1,9,4,1202
1,9,5,139
1,9,6,7
1,9,7,24
1,9,8,603
1,9,9,2392
1,9,10,1786
1,9,11,290
1,9,12,12
1,10,0,0
1,10,1,36
1,10,2,636
1,10,3,3901
1,10,4,4025
1,10,5,1093
1,10,6,86
1,10,7,0
1,10,8,65
1,10,9,918
1,10,10,2701
1,10,11,1593
1,10,12,180
1,11,0,0
1,11,1,1
1,11,2,56
1,11,3,847
1,11,4,4046
1,11,5,4254
1,11,6,855
1,11,7,0
1,11,8,7
1,11,9,116
1,11,10,1207
1,11,11,2957
1,11,12,1137
1,12,0,0
1,12,1,0
1,12,2,4
1,12,3,93
1,12,4,1068
1,12,5,4630
1,12,6,4769
1,12,7,0
1,12,8,0
1,12,9,10
1,12,10,210
1,12,11,1600
1,12,12,2992
